puzzle,difficulty,config,nodes,backtracks,time_s,success
easy_01,easy,Backtracking,69,28,0.001145,True
easy_01,easy,MRV,41,0,0.004234,True
easy_01,easy,MRV+FC,34,0,0.003318,True
easy_01,easy,MRV+AC3,0,0,0.005644,True
easy_02,easy,Backtracking,45,4,0.000471,True
easy_02,easy,MRV,41,0,0.002578,True
easy_02,easy,MRV+FC,32,0,0.001897,True
easy_02,easy,MRV+AC3,0,0,0.00625,True
easy_03,easy,Backtracking,127,86,0.001077,True
easy_03,easy,MRV,41,0,0.002629,True
easy_03,easy,MRV+FC,32,0,0.001879,True
easy_03,easy,MRV+AC3,0,0,0.00516,True
easy_04,easy,Backtracking,321,280,0.002789,True
easy_04,easy,MRV,41,0,0.002564,True
easy_04,easy,MRV+FC,36,0,0.002302,True
easy_04,easy,MRV+AC3,0,0,0.005318,True
hard_01,hard,Backtracking,6188,6133,0.055609,True
hard_01,hard,MRV,149,94,0.012653,True
hard_01,hard,MRV+FC,155,100,0.013349,True
hard_01,hard,MRV+AC3,72,17,0.012323,True
hard_02,hard,Backtracking,825,770,0.007185,True
hard_02,hard,MRV,79,24,0.006427,True
hard_02,hard,MRV+FC,86,32,0.006656,True
hard_02,hard,MRV+AC3,54,3,0.009631,True
hard_03,hard,Backtracking,71503,71448,0.636958,True
hard_03,hard,MRV,55,0,0.00431,True
hard_03,hard,MRV+FC,53,0,0.004124,True
hard_03,hard,MRV+AC3,41,0,0.008211,True
hard_04,hard,Backtracking,10620,10565,0.096949,True
hard_04,hard,MRV,256,201,0.019743,True
hard_04,hard,MRV+FC,289,235,0.021081,True
hard_04,hard,MRV+AC3,78,33,0.014136,True
hard_05,hard,Backtracking,49558,49498,0.431203,True
hard_05,hard,MRV,10101,10041,0.987259,True
hard_05,hard,MRV+FC,14916,14856,1.278241,True
hard_05,hard,MRV+AC3,4389,4329,0.792011,True
medium_01,medium,Backtracking,133,84,0.00126,True
medium_01,medium,MRV,49,0,0.003781,True
medium_01,medium,MRV+FC,45,0,0.003428,True
medium_01,medium,MRV+AC3,0,0,0.006058,True
medium_02,medium,Backtracking,755,706,0.008261,True
medium_02,medium,MRV,62,13,0.004393,True
medium_02,medium,MRV+FC,57,13,0.004821,True
medium_02,medium,MRV+AC3,27,1,0.008806,True
medium_03,medium,Backtracking,427,378,0.003586,True
medium_03,medium,MRV,49,0,0.004609,True
medium_03,medium,MRV+FC,44,0,0.003179,True
medium_03,medium,MRV+AC3,0,0,0.006532,True
medium_04,medium,Backtracking,4166,4117,0.037183,True
medium_04,medium,MRV,76,27,0.005795,True
medium_04,medium,MRV+FC,54,6,0.003893,True
medium_04,medium,MRV+AC3,50,2,0.008635,True
